elapsed,timestamp,phase,cpu_avg_pct,ram_used_mb,ram_avail_mb,ram_total_mb,cpu_temp_c,battery_pct,battery_ma,app_pss_mb,gpu_pct,core0_pct,core1_pct,core2_pct,core3_pct,core4_pct,core5_pct,core6_pct,core7_pct
0.7,2026-09-13T02:21:57,baseline,100.0,6544,8685,15229,74.1,100,0,0,11.9,100.0,100.0,100.0,100.0,100.0,100.0,100.0,100.0
2.6,2026-09-13T02:21:59,baseline,100.0,6548,8681,15229,74.1,100,0,0,0.0,100.0,100.0,100.0,100.0,100.0,100.0,100.0,100.0
4.6,2026-09-13T02:22:01,baseline,100.0,6545,8684,15229,74.1,100,0,0,0.0,100.0,100.0,100.0,100.0,100.0,100.0,100.0,100.0
6.6,2026-09-13T02:22:03,baseline,100.0,6544,8685,15229,74.1,100,0,0,0.0,100.0,100.0,100.0,100.0,100.0,100.0,100.0,100.0
8.7,2026-09-13T02:22:05,baseline,100.0,6542,8687,15229,74.1,100,0,0,0.0,100.0,100.0,100.0,100.0,100.0,100.0,100.0,100.0
10.7,2026-09-13T02:22:07,baseline,100.0,6563,8666,15229,74.1,100,0,0,0.0,100.0,100.0,100.0,100.0,100.0,100.0,100.0,100.0
12.8,2026-09-13T02:22:09,baseline,100.0,6564,8665,15229,74.1,100,0,0,0.0,100.0,100.0,100.0,100.0,100.0,100.0,100.0,100.0
14.7,2026-09-13T02:22:11,baseline,100.0,6568,8661,15229,74.1,100,0,0,1.9,100.0,100.0,100.0,100.0,100.0,99.5,100.0,100.0
16.8,2026-09-13T02:22:13,baseline,100.0,6685,8544,15229,99.6,100,0,0,0.0,100.0,100.0,100.0,100.0,100.0,100.0,100.0,100.0
18.7,2026-09-13T02:22:15,baseline,100.0,6660,8569,15229,99.6,100,0,0,25.7,100.0,100.0,100.0,100.0,100.0,100.0,100.0,100.0
20.8,2026-09-13T02:22:17,baseline,100.0,6650,8579,15229,99.6,100,0,0,28.7,100.0,100.0,100.0,100.0,100.0,100.0,100.0,100.0
37.9,2026-09-13T02:22:34,app_launch,100.0,6456,8773,15229,99.6,100,0,96,10.6,100.0,100.0,100.0,100.0,100.0,100.0,100.0,100.0
40.0,2026-09-13T02:22:36,app_launch,100.0,6451,8778,15229,99.6,100,0,99,0.0,100.0,100.0,100.0,100.0,100.0,100.0,100.0,100.0
41.9,2026-09-13T02:22:38,app_launch,100.0,6447,8782,15229,99.6,100,0,99,0.0,100.0,100.0,100.0,100.0,100.0,100.0,100.0,100.0
44.0,2026-09-13T02:22:40,app_launch,100.0,6448,8781,15229,99.6,100,0,99,0.0,100.0,100.0,100.0,100.0,100.0,100.0,100.0,100.0
46.0,2026-09-13T02:22:42,app_launch,100.0,6446,8783,15229,99.6,100,0,99,0.0,100.0,100.0,100.0,100.0,100.0,100.0,100.0,100.0
48.0,2026-09-13T02:22:45,app_launch,100.0,6456,8773,15229,99.6,100,0,99,0.0,100.0,100.0,100.0,100.0,100.0,100.0,100.0,100.0
50.2,2026-09-13T02:22:47,llm_load,100.0,6460,8769,15229,99.6,100,0,118,0.0,100.0,100.0,100.0,100.0,100.0,100.0,100.0,100.0
52.1,2026-09-13T02:22:49,llm_load,100.0,6492,8737,15229,99.6,100,0,110,2.8,100.0,100.0,100.0,100.0,100.0,100.0,100.0,100.0
56.5,2026-09-13T02:22:53,llm_load,100.0,6666,8563,15229,99.6,100,0,240,10.9,100.0,100.0,100.0,100.0,100.0,100.0,100.0,100.0
58.7,2026-09-13T02:22:55,llm_load,100.0,6649,8580,15229,99.6,100,0,236,7.7,100.0,100.0,100.0,100.0,100.0,100.0,100.0,100.0
61.5,2026-09-13T02:22:58,llm_load,100.0,6660,8569,15229,99.6,100,0,236,6.3,100.0,100.0,100.0,100.0,100.0,100.0,100.0,100.0
62.4,2026-09-13T02:22:59,llm_load,100.0,6878,8351,15229,99.6,100,0,197,37.0,100.0,100.0,100.0,100.0,100.0,99.6,100.0,100.0
64.2,2026-09-13T02:23:01,llm_load,100.0,6742,8487,15229,99.6,100,0,193,0.0,100.0,100.0,100.0,100.0,100.0,100.0,100.0,100.0
68.8,2026-09-13T02:23:05,llm_load,100.0,6705,8524,15229,99.6,100,0,276,6.4,100.0,100.0,100.0,100.0,100.0,100.0,100.0,100.0
74.2,2026-09-13T02:23:11,llm_load,100.0,6791,8438,15229,99.6,100,0,291,6.5,100.0,100.0,100.0,100.0,100.0,100.0,100.0,100.0
78.7,2026-09-13T02:23:15,llm_load,100.0,6805,8424,15229,99.6,100,0,307,6.8,100.0,100.0,100.0,100.0,100.0,100.0,100.0,100.0
80.9,2026-09-13T02:23:17,llm_load,100.0,6779,8450,15229,99.6,100,0,309,7.6,100.0,100.0,100.0,100.0,100.0,100.0,100.0,100.0
82.6,2026-09-13T02:23:19,llm_load,100.0,6790,8439,15229,99.6,100,0,340,12.5,100.0,100.0,100.0,100.0,100.0,100.0,100.0,100.0
85.1,2026-09-13T02:23:22,llm_load,100.0,6827,8402,15229,99.6,100,0,351,9.8,100.0,100.0,100.0,100.0,100.0,100.0,100.0,100.0
87.4,2026-09-13T02:23:24,llm_load,100.0,6826,8403,15229,99.6,100,0,363,0.0,100.0,100.0,100.0,100.0,100.0,100.0,100.0,100.0
89.6,2026-09-13T02:23:26,llm_load,100.0,6797,8432,15229,99.6,100,0,372,0.0,100.0,100.0,100.0,100.0,100.0,100.0,100.0,100.0
92.5,2026-09-13T02:23:29,llm_load,100.0,6928,8301,15229,99.6,100,0,385,3.7,100.0,100.0,100.0,100.0,100.0,100.0,100.0,100.0
94.4,2026-09-13T02:23:31,llm_load,100.0,6871,8358,15229,99.6,100,0,424,0.0,100.0,100.0,100.0,100.0,100.0,100.0,100.0,100.0
97.8,2026-09-13T02:23:34,llm_load,100.0,6895,8334,15229,99.6,100,0,391,8.5,100.0,100.0,100.0,100.0,100.0,100.0,100.0,100.0
100.6,2026-09-13T02:23:37,llm_load,100.0,6929,8300,15229,99.6,100,0,420,6.8,100.0,100.0,100.0,100.0,100.0,100.0,100.0,100.0
102.5,2026-09-13T02:23:39,llm_load,100.0,6850,8379,15229,99.6,100,0,448,6.3,100.0,100.0,100.0,100.0,100.0,100.0,100.0,100.0
104.8,2026-09-13T02:23:41,llm_load,100.0,6971,8258,15229,99.6,100,0,435,9.1,100.0,100.0,100.0,100.0,100.0,100.0,100.0,100.0
107.3,2026-09-13T02:23:44,llm_load,100.0,6923,8306,15229,99.6,100,0,449,12.5,100.0,100.0,100.0,100.0,100.0,100.0,100.0,100.0
109.3,2026-09-13T02:23:46,llm_load,100.0,6917,8312,15229,99.6,100,0,490,0.0,100.0,100.0,100.0,100.0,100.0,100.0,100.0,100.0
110.9,2026-09-13T02:23:47,llm_load,100.0,7037,8192,15229,99.6,100,0,398,11.9,100.0,100.0,100.0,100.0,100.0,100.0,100.0,100.0
112.4,2026-09-13T02:23:49,llm_load,100.0,7097,8132,15229,99.6,100,0,452,43.7,100.0,100.0,100.0,100.0,100.0,100.0,100.0,100.0
114.6,2026-09-13T02:23:51,llm_load,100.0,7232,7997,15229,99.6,100,0,399,36.8,100.0,100.0,100.0,100.0,100.0,100.0,100.0,100.0
117.9,2026-09-13T02:23:54,llm_load,100.0,7075,8154,15229,99.6,100,0,501,13.7,100.0,100.0,100.0,100.0,100.0,100.0,100.0,100.0
120.8,2026-09-13T02:23:57,llm_load,100.0,7078,8151,15229,99.6,100,0,496,0.0,100.0,100.0,100.0,100.0,100.0,100.0,100.0,100.0
123.6,2026-09-13T02:24:00,llm_load,100.0,7053,8176,15229,99.6,100,0,501,0.0,100.0,100.0,100.0,100.0,100.0,100.0,100.0,100.0
125.4,2026-09-13T02:24:02,llm_load,100.0,6992,8237,15229,99.6,100,0,500,3.7,100.0,100.0,100.0,100.0,100.0,100.0,100.0,100.0
126.3,2026-09-13T02:24:03,llm_load,100.0,7150,8079,15229,99.6,100,0,434,13.9,100.0,100.0,100.0,100.0,100.0,100.0,100.0,100.0
128.5,2026-09-13T02:24:05,llm_load,100.0,7128,8101,15229,99.6,100,0,427,0.0,100.0,100.0,100.0,100.0,100.0,100.0,100.0,100.0
130.4,2026-09-13T02:24:07,llm_load,100.0,7069,8160,15229,99.6,100,0,417,0.0,100.0,100.0,100.0,100.0,100.0,100.0,100.0,100.0
132.2,2026-09-13T02:24:09,llm_load,100.0,7187,8042,15229,99.6,100,0,444,17.6,100.0,100.0,100.0,100.0,100.0,100.0,100.0,100.0
134.5,2026-09-13T02:24:11,llm_load,100.0,7244,7985,15229,99.6,100,0,467,0.0,100.0,100.0,100.0,100.0,100.0,100.0,100.0,100.0
136.4,2026-09-13T02:24:13,llm_load,100.0,7175,8054,15229,99.6,100,0,458,0.0,100.0,100.0,100.0,100.0,100.0,100.0,100.0,100.0
141.3,2026-09-13T02:24:18,llm_load,100.0,6958,8271,15229,99.6,100,0,537,8.0,100.0,100.0,100.0,100.0,100.0,100.0,100.0,100.0
143.6,2026-09-13T02:24:20,llm_load,100.0,7046,8183,15229,99.6,100,0,578,13.1,100.0,100.0,100.0,100.0,100.0,100.0,100.0,100.0
146.0,2026-09-13T02:24:23,llm_load,100.0,7064,8165,15229,99.6,100,0,567,6.8,100.0,100.0,100.0,100.0,100.0,100.0,100.0,100.0
149.8,2026-09-13T02:24:26,llm_load,100.0,7097,8132,15229,99.6,100,0,553,6.4,100.0,100.0,100.0,100.0,100.0,100.0,100.0,100.0
159.9,2026-09-13T02:24:36,full_throttle,100.0,7057,8172,15229,99.6,100,0,538,2.8,100.0,100.0,100.0,100.0,100.0,100.0,100.0,100.0
162.4,2026-09-13T02:24:39,full_throttle,100.0,7062,8167,15229,99.6,100,0,622,17.0,100.0,100.0,100.0,100.0,100.0,100.0,100.0,100.0
164.7,2026-09-13T02:24:41,full_throttle,100.0,7073,8156,15229,99.6,100,0,630,0.0,100.0,100.0,100.0,100.0,100.0,100.0,100.0,100.0
166.1,2026-09-13T02:24:43,full_throttle,100.0,7093,8136,15229,99.6,100,0,589,0.0,100.0,100.0,100.0,100.0,100.0,100.0,100.0,100.0
168.7,2026-09-13T02:24:45,full_throttle,100.0,7064,8165,15229,99.6,100,0,603,0.0,100.0,100.0,100.0,100.0,100.0,100.0,100.0,100.0
170.9,2026-09-13T02:24:47,full_throttle,100.0,7098,8131,15229,99.6,100,0,630,0.0,100.0,100.0,100.0,100.0,100.0,100.0,100.0,100.0
173.5,2026-09-13T02:24:50,full_throttle,100.0,7050,8179,15229,99.6,100,0,600,0.0,100.0,100.0,100.0,100.0,100.0,100.0,100.0,100.0
175.4,2026-09-13T02:24:52,full_throttle,100.0,7070,8159,15229,99.6,100,0,625,0.0,100.0,100.0,100.0,100.0,100.0,100.0,100.0,100.0
177.8,2026-09-13T02:24:54,full_throttle,100.0,7059,8170,15229,99.6,100,0,580,0.0,100.0,100.0,100.0,100.0,100.0,100.0,100.0,100.0
180.8,2026-09-13T02:24:57,full_throttle,100.0,7070,8159,15229,99.6,100,0,576,0.0,100.0,100.0,100.0,100.0,100.0,100.0,100.0,100.0
184.1,2026-09-13T02:25:01,full_throttle,100.0,7036,8193,15229,99.6,100,0,597,0.0,100.0,100.0,100.0,100.0,100.0,100.0,100.0,100.0
186.5,2026-09-13T02:25:03,full_throttle,100.0,7022,8207,15229,99.6,100,0,574,0.0,100.0,100.0,100.0,100.0,100.0,100.0,100.0,100.0
189.6,2026-09-13T02:25:06,full_throttle,100.0,7045,8184,15229,99.6,100,0,627,0.0,100.0,100.0,100.0,100.0,100.0,100.0,100.0,100.0
191.9,2026-09-13T02:25:08,full_throttle,100.0,7008,8221,15229,99.6,100,0,590,0.0,100.0,100.0,100.0,100.0,100.0,100.0,100.0,100.0
194.2,2026-09-13T02:25:11,full_throttle,100.0,7010,8219,15229,99.6,100,0,594,7.7,100.0,100.0,100.0,100.0,100.0,100.0,100.0,100.0
196.1,2026-09-13T02:25:13,full_throttle,100.0,7016,8213,15229,99.6,100,0,579,0.0,100.0,100.0,100.0,100.0,100.0,100.0,100.0,100.0
198.6,2026-09-13T02:25:15,full_throttle,100.0,7004,8225,15229,99.6,100,0,602,0.0,100.0,100.0,100.0,100.0,100.0,100.0,100.0,100.0
201.3,2026-09-13T02:25:18,full_throttle,100.0,7066,8163,15229,99.6,100,0,607,0.0,100.0,100.0,100.0,100.0,100.0,100.0,100.0,100.0
202.9,2026-09-13T02:25:19,full_throttle,100.0,7006,8223,15229,99.6,100,0,603,0.0,100.0,100.0,100.0,100.0,100.0,100.0,100.0,100.0
205.2,2026-09-13T02:25:22,full_throttle,100.0,7025,8204,15229,99.6,100,0,567,0.0,100.0,100.0,100.0,100.0,100.0,100.0,100.0,100.0
207.7,2026-09-13T02:25:24,full_throttle,100.0,7005,8224,15229,99.6,100,0,607,0.0,100.0,100.0,100.0,100.0,100.0,100.0,100.0,100.0
209.8,2026-09-13T02:25:26,full_throttle,100.0,7024,8205,15229,99.6,100,0,569,0.0,100.0,100.0,100.0,100.0,100.0,100.0,100.0,100.0
212.2,2026-09-13T02:25:29,full_throttle,100.0,7017,8212,15229,99.6,100,0,639,0.0,100.0,100.0,100.0,100.0,100.0,100.0,100.0,100.0
215.0,2026-09-13T02:25:31,full_throttle,100.0,7043,8186,15229,99.6,100,0,613,0.0,100.0,100.0,100.0,100.0,100.0,100.0,100.0,100.0
217.6,2026-09-13T02:25:34,full_throttle,100.0,7029,8200,15229,99.6,100,0,569,0.0,100.0,100.0,100.0,100.0,100.0,100.0,100.0,100.0
220.2,2026-09-13T02:25:37,full_throttle,100.0,7031,8198,15229,99.6,100,0,609,0.0,100.0,100.0,100.0,100.0,100.0,100.0,100.0,100.0
222.2,2026-09-13T02:25:39,full_throttle,100.0,7020,8209,15229,99.6,100,0,566,0.0,100.0,100.0,100.0,100.0,100.0,100.0,100.0,100.0
225.0,2026-09-13T02:25:41,full_throttle,100.0,7023,8206,15229,99.6,100,0,606,0.0,100.0,100.0,100.0,100.0,100.0,100.0,100.0,100.0
227.2,2026-09-13T02:25:44,full_throttle,100.0,7016,8213,15229,99.6,100,0,644,0.0,100.0,100.0,100.0,100.0,100.0,100.0,100.0,100.0
230.1,2026-09-13T02:25:47,full_throttle,100.0,7043,8186,15229,99.6,100,0,586,0.0,100.0,100.0,100.0,100.0,100.0,100.0,100.0,100.0
233.0,2026-09-13T02:25:49,full_throttle,100.0,7000,8229,15229,99.6,100,0,570,0.0,100.0,100.0,100.0,100.0,100.0,100.0,100.0,100.0
235.0,2026-09-13T02:25:52,full_throttle,100.0,7009,8220,15229,99.6,100,0,566,0.0,100.0,100.0,100.0,100.0,100.0,100.0,100.0,100.0
237.7,2026-09-13T02:25:54,full_throttle,100.0,7010,8219,15229,99.6,100,0,599,0.0,100.0,100.0,100.0,100.0,100.0,100.0,100.0,100.0
239.3,2026-09-13T02:25:56,full_throttle,100.0,7037,8192,15229,99.6,100,0,594,0.0,100.0,100.0,100.0,100.0,100.0,100.0,100.0,100.0
242.7,2026-09-13T02:25:59,full_throttle,100.0,7077,8152,15229,99.6,100,0,592,0.0,100.0,100.0,100.0,100.0,100.0,100.0,100.0,100.0
247.4,2026-09-13T02:26:04,full_throttle,100.0,6988,8241,15229,99.6,100,0,547,0.0,100.0,100.0,100.0,100.0,100.0,100.0,100.0,100.0
252.8,2026-09-13T02:26:09,full_throttle,100.0,7016,8213,15229,99.6,100,0,586,0.0,100.0,100.0,100.0,100.0,100.0,100.0,100.0,100.0
255.1,2026-09-13T02:26:12,full_throttle,100.0,6985,8244,15229,99.6,100,0,546,0.0,100.0,100.0,100.0,100.0,100.0,100.0,100.0,100.0
257.1,2026-09-13T02:26:14,full_throttle,100.0,6984,8245,15229,99.6,100,0,542,0.0,100.0,100.0,100.0,100.0,100.0,100.0,100.0,100.0
258.0,2026-09-13T02:26:14,cooldown,98.0,6697,8532,15229,99.6,100,0,0,1.2,99.1,97.3,97.3,98.2,97.7,97.3,98.6,97.7
260.1,2026-09-13T02:26:17,cooldown,11.6,6650,8579,15229,99.6,100,0,0,0.0,27.9,15.9,11.4,13.7,10.8,9.4,3.4,2.0
261.9,2026-09-13T02:26:18,cooldown,14.1,6652,8577,15229,99.6,100,0,0,0.0,39.7,8.7,0.5,0.0,48.7,14.1,0.0,0.0
263.9,2026-09-13T02:26:20,cooldown,15.3,6628,8601,15229,99.6,100,0,0,0.0,31.5,53.7,0.5,0.0,22.6,11.7,2.5,0.0
265.9,2026-09-13T02:26:22,cooldown,15.7,6641,8588,15229,99.6,100,0,0,0.0,46.5,33.7,2.5,0.5,22.6,18.7,1.0,0.5
268.0,2026-09-13T02:26:24,cooldown,15.9,6631,8598,15229,99.6,100,0,0,0.0,41.0,29.8,2.0,2.0,33.7,18.6,0.0,0.0
270.0,2026-09-13T02:26:26,cooldown,15.6,6632,8597,15229,99.6,100,0,0,0.0,35.9,15.4,1.5,12.4,25.0,35.0,0.0,0.0
272.2,2026-09-13T02:26:29,cooldown,15.2,6628,8601,15229,99.6,100,0,0,0.0,57.8,33.5,0.0,0.0,7.6,22.7,0.0,0.0
274.3,2026-09-13T02:26:31,cooldown,7.1,6632,8597,15229,99.6,100,0,0,0.0,30.8,9.5,0.5,0.5,9.4,7.4,0.0,0.0
276.4,2026-09-13T02:26:33,cooldown,6.9,6627,8602,15229,99.6,100,0,0,0.0,31.0,9.9,1.0,0.0,4.5,10.5,0.0,0.0
278.3,2026-09-13T02:26:35,cooldown,6.2,6631,8598,15229,99.6,100,0,0,10.4,24.2,5.0,0.0,0.0,7.0,12.6,0.0,0.0
280.3,2026-09-13T02:26:37,cooldown,7.6,6642,8587,15229,99.6,100,0,0,0.0,28.6,11.3,4.0,2.5,10.8,6.0,0.0,0.0
282.4,2026-09-13T02:26:39,cooldown,7.4,6642,8587,15229,99.6,100,0,0,0.0,29.1,7.0,0.0,0.5,14.1,7.6,0.0,0.0
284.4,2026-09-13T02:26:41,cooldown,7.3,6644,8585,15229,99.6,100,0,0,0.0,28.4,8.5,0.0,0.0,13.4,8.9,0.0,0.0
286.4,2026-09-13T02:26:43,cooldown,7.4,6648,8581,15229,99.6,100,0,0,0.0,32.5,7.5,0.0,1.0,11.9,6.0,0.0,0.0
288.4,2026-09-13T02:26:45,cooldown,6.4,6640,8589,15229,99.6,100,0,0,0.0,26.4,11.3,0.0,0.0,7.0,7.5,0.0,0.0
